{"cameraMode":{"drawMode":0,"name":"Shaded","section":"Shading Mode"},"sceneLighting":false,"audioPlay":false,"sceneViewState":{"showFog":true,"showMaterialUpdate":true,"showSkybox":false,"showFlares":true,"showImageEffects":true,"showParticleSystems":true},"in2DMode":false,"pivot":{"x":-1.0087709426879883,"y":0.5676885843276978,"z":0.017595648765563966},"rotation":{"x":-0.35162535309791567,"y":-0.23833273351192475,"z":0.0934910848736763,"w":-0.9006826877593994},"size":5.357796669006348,"orthographic":false}