{"cameraMode":{"drawMode":0,"name":"Shaded","section":"Shading Mode"},"sceneLighting":true,"audioPlay":false,"sceneViewState":{"showFog":true,"showMaterialUpdate":true,"showSkybox":true,"showFlares":true,"showImageEffects":true,"showParticleSystems":true},"in2DMode":false,"pivot":{"x":170.96841430664063,"y":169.80223083496095,"z":258.2892761230469},"rotation":{"x":0.14364126324653626,"y":0.8521375060081482,"z":-0.309701532125473,"w":0.3972422778606415},"size":163.19996643066407,"orthographic":false}