{"cameraMode":{"drawMode":0,"name":"Shaded","section":"Shading Mode"},"sceneLighting":true,"audioPlay":false,"sceneViewState":{"showFog":true,"showMaterialUpdate":false,"showSkybox":true,"showFlares":true,"showImageEffects":true,"showParticleSystems":true},"in2DMode":false,"pivot":{"x":-1.6996688842773438,"y":-15.074348449707032,"z":27.96544647216797},"rotation":{"x":0.1666676551103592,"y":-0.6473376750946045,"z":0.14805108308792115,"w":0.7289197444915772},"size":92.82276916503906,"orthographic":false}